{"stats":{"minecraft:mined":{"minecraft:grass":2,"biomesoplenty:bush":1},"minecraft:picked_up":{"minecraft:wheat_seeds":1},"minecraft:custom":{"minecraft:jump":181,"minecraft:time_since_rest":30215,"minecraft:damage_dealt":143,"minecraft:crouch_one_cm":56,"minecraft:leave_game":7,"minecraft:play_time":30215,"minecraft:sprint_one_cm":24253,"minecraft:damage_taken":45,"minecraft:time_since_death":30215,"minecraft:walk_one_cm":13536,"minecraft:sneak_time":17,"minecraft:total_world_time":30215,"minecraft:fall_one_cm":1997,"minecraft:drop":1,"minecraft:fly_one_cm":41441},"minecraft:dropped":{"minecraft:wheat_seeds":1}},"DataVersion":3465}