{"stats":{"minecraft:custom":{"minecraft:jump":181,"minecraft:time_since_rest":30119,"minecraft:damage_dealt":143,"minecraft:crouch_one_cm":56,"minecraft:leave_game":6,"minecraft:play_time":30119,"minecraft:sprint_one_cm":24253,"minecraft:damage_taken":45,"minecraft:time_since_death":30119,"minecraft:walk_one_cm":13531,"minecraft:sneak_time":17,"minecraft:total_world_time":30119,"minecraft:fall_one_cm":1997,"minecraft:drop":1,"minecraft:fly_one_cm":41441},"minecraft:picked_up":{"minecraft:wheat_seeds":1},"minecraft:dropped":{"minecraft:wheat_seeds":1},"minecraft:mined":{"minecraft:grass":2,"biomesoplenty:bush":1}},"DataVersion":3465}