{
  "ancient_elements:ancient_elements": {
    "criteria": {
      "ancient_elements": "2024-05-18 23:38:56 +0000"
    },
    "done": true
  },
  "minecraft:recipes/decorations/crafting_table": {
    "criteria": {
      "unlock_right_away": "2024-05-18 23:38:56 +0000"
    },
    "done": true
  },
  "iceandfire:iceandfire/root": {
    "criteria": {
      "tick": "2024-05-18 23:38:56 +0000"
    },
    "done": true
  },
  "minecraft:adventure/adventuring_time": {
    "criteria": {
      "minecraft:beach": "2024-05-18 23:38:58 +0000"
    },
    "done": false
  },
  "DataVersion": 3465
}